{"train/learning_rate":7.730364873222017e-09,"_runtime":1912,"train/loss":1.2883,"_timestamp":1.7551078240423222e+09,"train/grad_norm":6.4186882972717285,"train/epoch":1,"_wandb":{"runtime":1912},"train/global_step":6468,"_step":6467}