{"_step":49,"train/global_step":50,"_runtime":17,"train/loss":2.3855,"train/grad_norm":12.561792373657227,"_wandb":{"runtime":17},"_timestamp":1.7551119096992638e+09,"train/learning_rate":4.962121212121213e-05,"train/epoch":0.007730364873222016}