{"train/learning_rate":5e-06,"train_runtime":100.9508,"total_flos":7.813567770624e+12,"_wandb":{"runtime":214},"_runtime":214,"_timestamp":1.7551150567593908e+09,"train/global_step":10,"train_samples_per_second":0.099,"train_steps_per_second":0.099,"train/loss":2.1413,"train_loss":4.080847811698914,"_step":10,"train/grad_norm":21.77958869934082,"train/epoch":0.0015460729746444033}