{"total_flos":7.305753515470848e+15,"_runtime":5401,"train/global_step":6468,"train_samples_per_second":3.058,"eval/loss":1.0226213932037354,"train/epoch":1,"eval/steps_per_second":30.742,"_timestamp":1.7551177232285516e+09,"train/learning_rate":7.730364873222017e-09,"train_runtime":2114.8802,"train_loss":1.1860618033252275,"train/grad_norm":6.37789249420166,"eval/samples_per_second":30.742,"_wandb":{"runtime":5401},"eval/runtime":26.316,"_step":6471,"train_steps_per_second":3.058,"train/loss":1.2898}